Metric,enjoy,interest,listen,turing,avoid_rep,make_sense,fluency,persona_guess,inquisitive,reward
Pearson,0.18084698552771608,0.21557956030297118,0.25534177437719713,0.2205575393669577,0.542752424514327,0.1730252621152747,0.30620294298339307,0.17805098414212508,0.27893974243615344,0.2435996669380176
Spearman,0.13370004863748647,0.12053871564079938,0.0496981948314002,0.17614028720631617,0.1393662253821974,0.14840814533907076,0.13742511885699335,0.20826563966639253,0.22452707589175505,0.12326760131053684
