Metric,enjoy,interest,listen,turing,avoid_rep,make_sense,fluency,persona_guess,inquisitive,reward
Pearson,0.2148053622186895,0.2525513610261793,0.2734631035669724,0.18365334117397508,0.6001185173458142,0.18419918301607047,0.3084293925115998,0.12526957630573288,0.3196437290759057,0.24140933803851547
Spearman,0.14852510536525707,0.16831488083783602,0.02306435561236252,0.10475061507281311,0.09432965205671882,0.18218095177145874,0.19590973487405547,0.0808625324742948,0.2684712130693463,0.06396737439945453
