Metric,enjoy,interest,listen,turing,avoid_rep,make_sense,fluency,persona_guess,inquisitive,reward
Pearson,0.733218861861377,0.6049667783406576,0.6636698961286444,0.702102131967618,0.0961602653450687,0.7439480688423536,0.8819749951096503,0.2919628994557147,0.4825997870527716,0.7062881092877017
Spearman,0.5971538040503558,0.469960316430577,0.5482414174784191,0.6404817358459814,0.13632631225280623,0.4781716207362947,0.5613795043675676,0.14534008621120348,0.22696784939300882,0.5462506841817186
