Metric,enjoy,interest,listen,turing,avoid_rep,make_sense,fluency,persona_guess,inquisitive,reward
Pearson,0.7332188604499038,0.6049668125104143,0.6636699208086084,0.7021021496957209,0.09616027525474408,0.7439480362572354,0.8819750126356529,0.2919628655473002,0.4825997394449896,0.7062880993322476
Spearman,0.5971538040503558,0.469960316430577,0.5482414174784191,0.6404817358459814,0.13632631225280623,0.4781716207362947,0.5613795043675676,0.14534008621120348,0.22696784939300882,0.5462506841817186
