Metric,enjoy,interest,listen,turing,avoid_rep,make_sense,fluency,persona_guess,inquisitive,reward
Pearson,0.40473952913706485,0.28553752238030805,0.4978982044048573,0.3893498584931571,0.18343785159289405,0.5265789277896501,0.6900072004535561,-0.16794890089919798,0.2998481726637334,0.4497122372031508
Spearman,0.20853858784893267,0.08101820248308142,0.251265911754962,0.20090324534656,0.06104571813730079,0.17709046285997865,0.3216094186406104,-0.07773368076079433,-0.014784395497252687,0.22003284072249588
